{
	"class_name" : "PinholeCameraParameters",
	"extrinsic" : 
	[
		0.99983672940406476,
		0.0044150393187330113,
		0.01752204218683388,
		0.0,
		0.0044245451143413396,
		-0.99999008475628659,
		-0.00050377539258807591,
		0.0,
		0.017519644263349152,
		0.0005812202070305493,
		-0.99984635031986635,
		0.0,
		-0.024800033123198548,
		0.14660805180778758,
		0.53968572672455839,
		1.0
	],
	"intrinsic" : 
	{
		"height" : 1016,
		"intrinsic_matrix" : 
		[
			879.88181024498977,
			0.0,
			0.0,
			0.0,
			879.88181024498977,
			0.0,
			924.5,
			507.5,
			1.0
		],
		"width" : 1850
	},
	"version_major" : 1,
	"version_minor" : 0
}